Ölkələr — BMT üzvləri və müşahidəçi dövlətlər (195),,,,
,,,,
№,Ölkə (AZ),Country (EN),Status,Kim tutub (cari mövsüm)
1,Əfqanıstan,Afghanistan,BMT üzvü,
2,Albaniya,Albania,BMT üzvü,
3,Əlcəzair,Algeria,BMT üzvü,
4,Andorra,Andorra,BMT üzvü,
5,Anqola,Angola,BMT üzvü,
6,Antiqua və Barbuda,Antigua and Barbuda,BMT üzvü,
7,Argentina,Argentina,BMT üzvü,
8,Ermənistan,Armenia,BMT üzvü,
9,Avstraliya,Australia,BMT üzvü,
10,Avstriya,Austria,BMT üzvü,
11,Azərbaycan,Azerbaijan,BMT üzvü,
12,Baham adaları,Bahamas,BMT üzvü,
13,Bəhreyn,Bahrain,BMT üzvü,
14,Banqladeş,Bangladesh,BMT üzvü,
15,Barbados,Barbados,BMT üzvü,
16,Belarus,Belarus,BMT üzvü,
17,Belçika,Belgium,BMT üzvü,
18,Beliz,Belize,BMT üzvü,
19,Benin,Benin,BMT üzvü,
20,Butan,Bhutan,BMT üzvü,
21,Boliviya,Bolivia,BMT üzvü,
22,Bosniya və Herseqovina,Bosnia and Herzegovina,BMT üzvü,
23,Botsvana,Botswana,BMT üzvü,
24,Braziliya,Brazil,BMT üzvü,Nümunə C
25,Bruney,Brunei,BMT üzvü,
26,Bolqarıstan,Bulgaria,BMT üzvü,
27,Burkina-Faso,Burkina Faso,BMT üzvü,
28,Burundi,Burundi,BMT üzvü,
29,Kabo-Verde,Cabo Verde,BMT üzvü,
30,Kamboca,Cambodia,BMT üzvü,
31,Kamerun,Cameroon,BMT üzvü,
32,Kanada,Canada,BMT üzvü,
33,Mərkəzi Afrika Respublikası,Central African Republic,BMT üzvü,
34,Çad,Chad,BMT üzvü,
35,Çili,Chile,BMT üzvü,
36,Çin,China,BMT üzvü,
37,Kolumbiya,Colombia,BMT üzvü,
38,Komor adaları,Comoros,BMT üzvü,
39,Konqo Respublikası,Congo (Republic),BMT üzvü,
40,Konqo Demokratik Respublikası,Congo (Democratic Republic),BMT üzvü,
41,Kosta-Rika,Costa Rica,BMT üzvü,
42,Kot-d'İvuar,Côte d'Ivoire,BMT üzvü,
43,Xorvatiya,Croatia,BMT üzvü,
44,Kuba,Cuba,BMT üzvü,
45,Kipr,Cyprus,BMT üzvü,
46,Çexiya,Czechia,BMT üzvü,
47,Danimarka,Denmark,BMT üzvü,
48,Cibuti,Djibouti,BMT üzvü,
49,Dominika,Dominica,BMT üzvü,
50,Dominikan Respublikası,Dominican Republic,BMT üzvü,
51,Ekvador,Ecuador,BMT üzvü,
52,Misir,Egypt,BMT üzvü,
53,Salvador,El Salvador,BMT üzvü,
54,Ekvatorial Qvineya,Equatorial Guinea,BMT üzvü,
55,Eritreya,Eritrea,BMT üzvü,
56,Estoniya,Estonia,BMT üzvü,
57,Esvatini,Eswatini,BMT üzvü,
58,Efiopiya,Ethiopia,BMT üzvü,
59,Fici,Fiji,BMT üzvü,
60,Finlandiya,Finland,BMT üzvü,
61,Fransa,France,BMT üzvü,
62,Qabon,Gabon,BMT üzvü,
63,Qambiya,Gambia,BMT üzvü,
64,Gürcüstan,Georgia,BMT üzvü,
65,Almaniya,Germany,BMT üzvü,
66,Qana,Ghana,BMT üzvü,
67,Yunanıstan,Greece,BMT üzvü,
68,Qrenada,Grenada,BMT üzvü,
69,Qvatemala,Guatemala,BMT üzvü,
70,Qvineya,Guinea,BMT üzvü,
71,Qvineya-Bisau,Guinea-Bissau,BMT üzvü,
72,Qayana,Guyana,BMT üzvü,
73,Haiti,Haiti,BMT üzvü,
74,Honduras,Honduras,BMT üzvü,
75,Macarıstan,Hungary,BMT üzvü,
76,İslandiya,Iceland,BMT üzvü,
77,Hindistan,India,BMT üzvü,
78,İndoneziya,Indonesia,BMT üzvü,
79,İran,Iran,BMT üzvü,
80,İraq,Iraq,BMT üzvü,
81,İrlandiya,Ireland,BMT üzvü,
82,İsrail,Israel,BMT üzvü,
83,İtaliya,Italy,BMT üzvü,
84,Yamayka,Jamaica,BMT üzvü,
85,Yaponiya,Japan,BMT üzvü,Nümunə B
86,İordaniya,Jordan,BMT üzvü,
87,Qazaxıstan,Kazakhstan,BMT üzvü,
88,Keniya,Kenya,BMT üzvü,
89,Kiribati,Kiribati,BMT üzvü,
90,Küveyt,Kuwait,BMT üzvü,
91,Qırğızıstan,Kyrgyzstan,BMT üzvü,
92,Laos,Laos,BMT üzvü,
93,Latviya,Latvia,BMT üzvü,
94,Livan,Lebanon,BMT üzvü,
95,Lesoto,Lesotho,BMT üzvü,
96,Liberiya,Liberia,BMT üzvü,
97,Liviya,Libya,BMT üzvü,
98,Lixtenşteyn,Liechtenstein,BMT üzvü,
99,Litva,Lithuania,BMT üzvü,
100,Lüksemburq,Luxembourg,BMT üzvü,
101,Madaqaskar,Madagascar,BMT üzvü,
102,Malavi,Malawi,BMT üzvü,
103,Malayziya,Malaysia,BMT üzvü,
104,Maldiv adaları,Maldives,BMT üzvü,
105,Mali,Mali,BMT üzvü,
106,Malta,Malta,BMT üzvü,
107,Marşal adaları,Marshall Islands,BMT üzvü,
108,Mavritaniya,Mauritania,BMT üzvü,
109,Mavriki,Mauritius,BMT üzvü,
110,Meksika,Mexico,BMT üzvü,
111,Mikroneziya,Micronesia,BMT üzvü,
112,Moldova,Moldova,BMT üzvü,
113,Monako,Monaco,BMT üzvü,
114,Monqolustan,Mongolia,BMT üzvü,
115,Monteneqro,Montenegro,BMT üzvü,
116,Mərakeş,Morocco,BMT üzvü,
117,Mozambik,Mozambique,BMT üzvü,
118,Myanma,Myanmar,BMT üzvü,
119,Namibiya,Namibia,BMT üzvü,
120,Nauru,Nauru,BMT üzvü,
121,Nepal,Nepal,BMT üzvü,
122,Niderland,Netherlands,BMT üzvü,
123,Yeni Zelandiya,New Zealand,BMT üzvü,
124,Nikaraqua,Nicaragua,BMT üzvü,
125,Niger,Niger,BMT üzvü,
126,Nigeriya,Nigeria,BMT üzvü,
127,Şimali Koreya,North Korea,BMT üzvü,
128,Şimali Makedoniya,North Macedonia,BMT üzvü,
129,Norveç,Norway,BMT üzvü,
130,Oman,Oman,BMT üzvü,
131,Pakistan,Pakistan,BMT üzvü,
132,Palau,Palau,BMT üzvü,
133,Panama,Panama,BMT üzvü,
134,Papua-Yeni Qvineya,Papua New Guinea,BMT üzvü,
135,Paraqvay,Paraguay,BMT üzvü,
136,Peru,Peru,BMT üzvü,
137,Filippin,Philippines,BMT üzvü,
138,Polşa,Poland,BMT üzvü,
139,Portuqaliya,Portugal,BMT üzvü,
140,Qətər,Qatar,BMT üzvü,
141,Rumıniya,Romania,BMT üzvü,
142,Rusiya,Russia,BMT üzvü,
143,Ruanda,Rwanda,BMT üzvü,
144,Sent-Kits və Nevis,Saint Kitts and Nevis,BMT üzvü,
145,Sent-Lusiya,Saint Lucia,BMT üzvü,
146,Sent-Vinsent və Qrenadinlər,Saint Vincent and the Grenadines,BMT üzvü,
147,Samoa,Samoa,BMT üzvü,
148,San-Marino,San Marino,BMT üzvü,
149,San-Tome və Prinsipi,São Tomé and Príncipe,BMT üzvü,
150,Səudiyyə Ərəbistanı,Saudi Arabia,BMT üzvü,
151,Seneqal,Senegal,BMT üzvü,
152,Serbiya,Serbia,BMT üzvü,
153,Seyşel adaları,Seychelles,BMT üzvü,
154,Syerra-Leone,Sierra Leone,BMT üzvü,
155,Sinqapur,Singapore,BMT üzvü,
156,Slovakiya,Slovakia,BMT üzvü,
157,Sloveniya,Slovenia,BMT üzvü,
158,Solomon adaları,Solomon Islands,BMT üzvü,
159,Somali,Somalia,BMT üzvü,
160,Cənubi Afrika Respublikası,South Africa,BMT üzvü,
161,Cənubi Koreya,South Korea,BMT üzvü,
162,Cənubi Sudan,South Sudan,BMT üzvü,
163,İspaniya,Spain,BMT üzvü,
164,Şri-Lanka,Sri Lanka,BMT üzvü,
165,Sudan,Sudan,BMT üzvü,
166,Surinam,Suriname,BMT üzvü,
167,İsveç,Sweden,BMT üzvü,Nümunə A
168,İsveçrə,Switzerland,BMT üzvü,
169,Suriya,Syria,BMT üzvü,
170,Tacikistan,Tajikistan,BMT üzvü,
171,Tanzaniya,Tanzania,BMT üzvü,
172,Tailand,Thailand,BMT üzvü,
173,Şərqi Timor,Timor-Leste,BMT üzvü,
174,Toqo,Togo,BMT üzvü,
175,Tonqa,Tonga,BMT üzvü,
176,Trinidad və Tobaqo,Trinidad and Tobago,BMT üzvü,
177,Tunis,Tunisia,BMT üzvü,
178,Türkiyə,Türkiye,BMT üzvü,
179,Türkmənistan,Turkmenistan,BMT üzvü,
180,Tuvalu,Tuvalu,BMT üzvü,
181,Uqanda,Uganda,BMT üzvü,
182,Ukrayna,Ukraine,BMT üzvü,
183,Birləşmiş Ərəb Əmirlikləri,United Arab Emirates,BMT üzvü,
184,Birləşmiş Krallıq,United Kingdom,BMT üzvü,
185,Amerika Birləşmiş Ştatları,United States,BMT üzvü,
186,Uruqvay,Uruguay,BMT üzvü,
187,Özbəkistan,Uzbekistan,BMT üzvü,
188,Vanuatu,Vanuatu,BMT üzvü,
189,Venesuela,Venezuela,BMT üzvü,
190,Vyetnam,Vietnam,BMT üzvü,
191,Yəmən,Yemen,BMT üzvü,
192,Zambiya,Zambia,BMT üzvü,
193,Zimbabve,Zimbabwe,BMT üzvü,
194,Vatikan (Müqəddəs Taxt),Holy See,BMT müşahidəçisi,
195,Fələstin,State of Palestine,BMT müşahidəçisi,
